{
  "DeploymentTemplate": {
    "cypress-amazon-web-services-ec2-1-l2mb2o4m": {
      "name": "cypress-amazon-web-services-ec2-1-l2mb2o4m",
      "title": "Cypress Amazon Web Services EC2 1 l2mb2o4m",
      "cloud": "unfurl.relationships.ConnectsTo.AWSAccount",
      "description": null,
      "__typename": "DeploymentTemplate",
      "slug": "cypress-amazon-web-services-ec2-1-l2mb2o4m",
      "blueprint": "testingsimple-blueprint",
      "primary": "the_app",
      "resourceTemplates": [
        "container_service",
        "the_app",
        "dockerhost",
        "ec2-instance"
      ],
      "ResourceTemplate": {
      },
      "projectPath": "apr29/simple-blueprint",
      "source": "aws"
    }
  },
  "ApplicationBlueprint": {
    "testingsimple-blueprint": {
      "name": "testingsimple-blueprint",
      "__typename": "ApplicationBlueprint",
      "title": "Simple blueprint",
      "primary": "SimpleApp",
      "deploymentTemplates": [
        "gcp",
        "aws",
        "aws-example",
        "selfhosted",
        "gcp-example",
        "cypress-amazon-web-services-ec2-1-l2mb2o4m"
      ],
      "description": null,
      "livePreview": null,
      "sourceCodeUrl": null,
      "image": null,
      "projectIcon": "http://skelaware.abreidenbach.com:3000/assets/uf-avatar-placeholder-5-45854ad5256389e0ba31e16acea60ed3f2a41c4f0a15dce54480faac5f7e6782.svg",
      "primaryDeploymentBlueprint": null
    }
  },
  "ResourceTemplate": {
    "container_service": {
      "name": "container_service",
      "type": "unfurl.nodes.ContainerService",
      "title": "container_service",
      "description": "",
      "properties": [
        {
          "name": "container",
          "value": {
            "image": "nginxdemos/hello",
            "ports": [
              "80:80"
            ],
            "environment": {
              "FOO": {
                "eval": ".configured_by::foo"
              }
            }
          }
        }
      ],
      "dependencies": [
        {
          "constraint": {
            "name": "host",
            "title": "host",
            "description": "",
            "min": 1,
            "max": 1,
            "match": null,
            "resourceType": "unfurl.nodes.DockerHost",
            "visibility": "hidden"
          },
          "name": "host",
          "__typename": "Requirement",
          "match": "dockerhost"
        }
      ],
      "__typename": "ResourceTemplate"
    },
    "the_app": {
      "name": "the_app",
      "type": "SimpleApp",
      "title": "the_app",
      "description": "",
      "properties": [

      ],
      "dependencies": [
        {
          "constraint": {
            "name": "container",
            "title": "container",
            "description": "",
            "visibility": "hidden",
            "min": 1,
            "max": 1,
            "match": "container_service",
            "resourceType": "unfurl.nodes.ContainerService"
          },
          "name": "container",
          "__typename": "Requirement",
          "match": "container_service"
        }
      ],
      "__typename": "ResourceTemplate"
    },
    "dockerhost": {
      "name": "dockerhost",
      "type": "unfurl.nodes.DockerComputeHost",
      "title": "dockerhost",
      "description": "",
      "properties": [

      ],
      "dependencies": [
        {
          "constraint": {
            "name": "host",
            "title": "Compute",
            "description": "A compute instance with at least 512MB RAM",
            "min": 1,
            "max": 1,
            "match": null,
            "resourceType": "unfurl.nodes.Compute",
            "node_filter": {
              "properties": [
                {
                  "user_data": {
                    "eval": ".configured_by::user_data"
                  }
                },
                {
                  "portspec": {
                    "eval": ".configured_by::portspec"
                  }
                },
                {
                  "name": {
                    "eval": ".configured_by::name"
                  }
                }
              ]
            },
            "visibility": "visible"
          },
          "name": "host",
          "__typename": "Requirement",
          "completionStatus": "created",
          "valid": true,
          "match": "ec2-instance"
        }
      ],
      "__typename": "ResourceTemplate"
    },
    "ec2-instance": {
      "name": "ec2-instance",
      "type": "unfurl.nodes.EC2Compute",
      "title": "EC2 Instance",
      "__typename": "ResourceTemplate",
      "properties": [
        {
          "name": "num_cpus",
          "value": 1
        },
        {
          "name": "mem_size",
          "value": 2048
        },
        {
          "name": "disk_size",
          "value": 32
        }
      ],
      "dependencies": [

      ]
    }
  }
}