A24UKIZI0000	status=ok	startTime=2022-04-30-20-18-35-294825	specDigest=908674e1bc1db3b471e7d918891d71c36b15ed91	startCommit=a9912258360c2cde623c6efd7f95695bec2d7b09	summary=4 tasks (4 changed, 4 ok, 0 failed, 0 unknown, 0 skipped)	changelog=jobs/job2022-04-30-20-18-35-294825.yaml
A24UKIZI0001	previousId=	status=ok	target=::dockerhost	operation=configure	digestKeys=tfvars,main,::container_service::files,::container_service::env,::container_service::container,::dockerhost::user_data	digestValue=b7d13fa977a18130a76c492f11fe230b5be22401	summary=configure on instance dockerhost (type unfurl.nodes.DockerComputeHost, status ok) using configurator for add: Standard.configure (unfurl.configurators.terraform.TerraformConfigurator), priority: required, reason: add
A24UKIZI0002	previousId=	status=ok	target=::dockerhost-aws-bootimage	operation=configure	digestKeys=main,::dockerhost-aws-bootimage::name_regex,::dockerhost-aws-bootimage::architecture,::dockerhost-aws-bootimage::virtualization_type,::dockerhost-aws-bootimage::owner,::dockerhost-aws-bootimage::boot_image	digestValue=8b83e512051116fd85d382f687547098b1321e90	summary=configure on instance dockerhost-aws-bootimage (type unfurl.nodes.AMIBootImage, status ok) using configurator for add: Standard.configure (unfurl.configurators.terraform.TerraformConfigurator), priority: required, reason: add
A24UKIZI0003	previousId=	status=ok	target=::aws_metadata	operation=configure	digestKeys=::aws_metadata::machine_types	digestValue=a1fd3fc47ae6cd375cf01d9a3feec601d895e8bd	summary=configure on instance aws_metadata (type unfurl.nodes.AWSMetadata, status ok) using configurator for add: Standard.configure (_builds_user_2022_04_30T20_09_29_793Z_dashboard_unfurl_types_aws_helpers_py.MetadataConfigurator), priority: required, reason: add
A24UKIZI0004	previousId=	status=ok	target=::ec2-instance	operation=create	digestKeys=tfvars,main,::ec2-instance::num_cpus,::ec2-instance::mem_size,::ec2-instance::machine_type,::ec2-instance::name,::ec2-instance::user_data,::ec2-instance::disk_size,::ec2-instance::boot_image,::aws_metadata::machine_types,::dockerhost::user_data,::the_app::name,::dockerhost-aws-bootimage::boot_image,::ec2-instance::id,::ec2-instance::arn,::ec2-instance::private_address,::ec2-instance::private_dns,::ec2-instance::public_address,::ec2-instance::public_dns,::ec2-instance::console_url	digestValue=2ef0e21bc89a61bdc6d3f045c3db2b196dc068d4	summary=create on instance ec2-instance (type unfurl.nodes.EC2Compute, status ok) using configurator for add: Standard.create (unfurl.configurators.terraform.TerraformConfigurator), priority: required, reason: add
